{
    "features": 16537.744619369507,
    "process_features_model_1": 5.07848048210144,
    "predict_and_compile_model_1": 99.5453794002533,
    "relax_model_1": 35.64801645278931
}